fips,county,rgdp_18,rgdp_1yr,rgdp_5yr,rgdp_10yr,rgdp_capita,prod_jobs,prod_worker,jobs,jobs_stable,jobs_unstable_prop,jobs_young,jobs_young_prop,emp_to_pop,employed,emp_ed_gap,emp_youth_gap,jobs_highskill,u,unemployed,u_ed_gap,u_youth_gap,lfp,labor_force,lfp_ed_gap,lfp_youth_gap,earn_med,earn_avg,earn_stable_avg,earn_gap_avg_blackwhite,earn_stable_gap_avg_blackwhite,below_15000,below_25000,earn_med_gender_gap,hh_inc_med,hh_inc_avg,hh_inc_med_blackwhitegap,hh_houseburden,hh_rentburden,poverty_prop,poverty_under18,assist_food,assist_income,assist_cash,gini_inc,inc_ratio,home_own,home_own_bwgap,home_own_edgap,hh_underbank,hh_unbank,asset_pov_rate,hh_noNW,l_asset_pov_rate,patents_per1000,patent_5yr,num_establishments,loan_smallbus_number,loans_busestab_ratio,loan_avg
06001,Alameda,123718310000,3.8627811202689175,25.386012934333753,33.54320368390846,75268.18154164386,153289.69291771998,146037.17081577488,807088.25,720000.0,10.790424715017224,81276,10.070274223419807,63.4,847170,82.6814196152382,77.4519428995046,50.5,5.055587932039271,45110,145.485360521996,196.706286839778,66.9,892280,84.1936557600672,81.0219625299209,47416,71304,76479,68.15099726396764,69.97967104047311,2.8862515670706226,9.5090681153364,83.41887692819887,92574,122575,48.42655627709874,33.66,49.61,10.6,12.0,6.5,5.6,3.6,0.4624,5.3,53.3,13.74764595103578,22.699386503067483,10.5,3.9,21.7,14.4,25.6,1.8829470097949748,41.25969876768599,40508,69930,1.7263256640663573,193970400
06003,Alpine,100131000,0.489748401794406,9.107253767447943,18.596470448892575,93492.99719887954,255762.4521072797,273581.9672131148,391.5,337.25,13.856960408684547,32,8.173690932311622,39.2,366,56.9082429826239,82.1515541844362,30.6,17.752808988764045,79,281.221866110133,43.4136533254577,47.6,445,77.858729598813,70.2636453283857,16161,40413,44211,71.6473575622917,70.9918722577861,9.574468085106384,18.617021276595743,61.1980487804878,64688,92738,,53.1,22.45,19.8,19.7,11.7,6.0,4.7,0.4967,6.2,83.9,0.0,34.952766531713905,,,,,,0.9337068160597572,0.0,40,33,0.825,37900
06005,Amador,1585410000,0.9538145897527495,12.756463506224538,3.0325992723945343,41909.91038621163,134871.11867290514,119302.4305816841,11755.0,10393.0,11.586558911101658,1182,10.05529561888558,40.7,13289,72.4327178443191,76.4989715775427,35.0,8.628987898789878,1255,183.352904834557,275.672961705176,44.6,14544,75.8461793089983,87.8606948158638,32346,45321,48756,118.38848533763789,121.15805946791862,3.96677958693039,12.206316249590209,83.93660807016194,61198,78014,,36.57,55.07,9.7,13.9,7.5,4.8,2.0,0.4437,4.3,76.6,0.21141649048625794,38.45089903181189,17.9,2.9,16.1,8.8,30.6,0.05286949165983769,0.0,831,1047,1.259927797833935,2193300
06007,Butte,8543593000,1.2955516756415038,15.250573346306833,16.221476668012038,37624.542552020255,107190.84869737593,90019.73490116745,79704.5,69806.0,12.418997672653363,7730,9.698323181250746,50.8,94908,74.2058768384807,88.3875847279172,43.8,8.736164934178262,9085,171.476018103889,215.321346852669,55.8,103993,77.555607341422,96.0599333304169,25636,42267,46053,72.68055555555556,75.82880868732035,5.687885379402089,20.45589372067521,81.03558067340603,48443,69621,60.190407616304654,32.77,59.34,20.1,20.8,11.9,8.8,4.3,0.4893,5.3,59.2,0.33003300330033,33.022636484687084,16.5,4.5,25.8,16.6,34.5,0.07046130133215898,0.0,4770,6279,1.3163522012578617,16136800
06009,Calaveras,1238320000,-4.209292701133642,21.65737443202751,14.739470648462582,27375.262517961753,131505.33637763502,72357.13450975809,9416.5,8071.25,14.28609355917804,1380,14.655126639409547,44.4,17114,83.1380262008435,77.4530145332207,39.3,6.12177729018102,1116,149.108241679944,177.584398652788,47.4,18230,84.9705933403181,80.9284019816868,33050,42177,46362,100.30260380014076,104.91887385365229,4.5609624708206145,14.562758125336686,70.27601201639807,58151,79782,,47.34,57.92,11.7,18.2,8.6,6.2,2.4,0.4464,5.0,77.7,0.7438894792773646,34.952766531713905,18.2,2.9,15.6,8.4,30.1,0.15474743008732175,0.0,912,1367,1.4989035087719298,3546800
06011,Colusa,1408034000,17.366779835073647,9.74244662070793,13.16163398881913,65599.79500559076,167369.05292561886,145713.96046776362,8412.75,7040.75,16.308579239844285,1098,13.051618079700456,59.5,9663,96.2146029747831,84.5323852535694,20.5,5.106550132573898,520,119.79090852753,135.395223283159,62.8,10183,96.7264358708935,86.67555821914,28150,42111,45810,106.01054481546572,108.37329876863254,6.245985870263327,23.073217726396916,78.38007889069041,56704,82313,,31.12,44.14,13.8,20.7,15.2,5.8,4.0,0.4982,3.7,61.5,1.6741071428571428,79.21146953405018,24.2,5.8,27.5,14.1,35.4,0.0,0.0,378,507,1.3412698412698412,1669200
06013,Contra Costa,76615513000,6.590998393069548,20.15050995132506,-16.816373572336573,67607.07330352519,199756.38566295066,139982.264585994,383544.75,340284.5,11.279061960827256,38619,10.068968484120823,60.7,547323,84.5228142328008,78.8863740632683,49.400000000000006,6.1011930291686545,35563,172.539868166244,218.537087619904,64.7,582886,87.3192242054662,84.0168248026991,44551,67362,72702,50.60491739300117,54.588282665592914,2.9910005293806248,10.16626873089098,79.4778352640749,93712,128079,61.48516822615967,35.39,52.26,9.1,11.5,6.4,5.2,2.6,0.4703,4.8,65.6,8.405797101449277,21.8026796589525,17.9,3.7,18.1,11.9,23.6,0.9159521269414346,57.5113808801214,24286,41620,1.713744544181833,103726500
06015,Del Norte,709056000,3.0471348909806726,3.9860619819439314,-16.979267531622078,25855.309218203034,87909.49384744134,80364.5018701122,8065.75,7186.0,10.907231193627375,702,8.703468369339491,40.1,8823,55.1849605293912,90.1563385661714,37.3,8.275288491527185,796,289.890459983132,142.96529459902,43.8,9619,60.7831350565955,93.3445790318479,27538,41310,44379,116.10924909077944,120.28763566149543,3.9124192390524044,19.023689877961232,88.92318546609049,45258,61652,119.53060226620464,35.69,54.24,22.5,30.4,17.3,14.2,5.4,0.4857,5.4,62.4,2.715466351829988,62.601626016260155,18.2,6.8,28.3,16.5,39.9,0.03646441073512252,0.0,401,421,1.0498753117206983,813900
06017,El Dorado,7471362000,3.2218836922161262,23.29985315634641,20.23728292034179,40026.36865761996,135416.38384543234,89963.29877542173,55173.25,47812.5,13.341157173086597,7526,13.640668258621705,54.1,83049,81.9435644008909,82.7340196765547,42.900000000000006,6.190062013577472,5480,159.356942785619,177.731345558941,57.9,88529,84.4786621187424,87.4284929678859,39408,48147,52893,79.54403886881774,81.61460400249447,4.323440924116926,12.036177246220703,74.5049231109636,80582,104895,114.01261947897794,36.36,51.76,8.9,9.5,6.1,5.5,2.8,0.4494,4.8,76.6,0.5458515283842794,23.001230012300123,13.3,2.5,14.4,9.8,21.0,0.9428857661750446,67.61904761904762,4602,7814,1.6979574098218166,17502900
06019,Fresno,41016044000,2.741532205350284,17.558128600188745,21.46258732150022,41933.121364235834,109991.26179680895,102495.26832010996,372902.75,320758.0,13.983471561955497,48011,12.87493857312664,55.0,400175,77.1516727004156,77.4754758001511,38.4,9.350075093271961,41276,192.489153596899,189.604001236309,60.8,441451,81.5860789811538,83.6944403750833,26682,42363,46866,90.21099965409893,92.81205075317207,6.640915750628756,22.447172753128108,89.61667201614013,51261,71663,59.79841374752149,32.17,56.53,24.1,34.3,20.1,8.7,8.0,0.4785,5.2,52.8,3.7991858887381276,49.8502994011976,22.8,9.4,31.5,18.5,43.7,0.07360984736180262,0.0,17118,22918,1.3388246290454493,77159300
06021,Glenn,1103979000,12.339119993487463,4.829264633408696,3.820751567450447,39573.39498870847,124718.72793515406,100416.49990904129,8851.75,7750.25,12.443867031942837,879,9.93023978309374,51.5,10994,95.7668711399347,88.2525579290631,24.2,6.830508474576272,806,77.8633092840344,141.619595565803,55.3,11800,94.4752555003373,90.6790454289962,26015,39942,43527,81.94413737195076,85.12917881603038,5.8589462129528,25.178375411635567,78.67157734315468,47395,60614,,34.13,50.04,18.8,22.9,10.8,8.6,4.0,0.4548,5.3,59.7,0.10989010989010989,82.9981718464351,24.1,7.1,28.9,14.3,40.7,0.0358461483313618,0.0,469,652,1.3901918976545842,1580000
06023,Humboldt,5053603000,1.3463640689891259,6.340732878617689,6.217266895315858,37222.34252548465,107638.54972603689,82886.71477775955,46949.75,41311.0,12.01018109787592,4620,9.840307988860431,54.3,60970,79.46713265166,87.8018139437221,40.1,8.035054376517792,5327,181.333519226395,239.306431937045,59.1,66297,82.9478325058422,95.8833209302206,24365,38745,41838,79.99092215750056,85.24428822495607,6.556624084972011,23.063011339170377,86.8053436010612,45528,63753,63.77278954578986,43.33,62.33,20.3,21.4,12.3,8.6,3.4,0.4754,4.7,56.9,0.4464285714285714,30.039011703511054,18.0,5.5,27.2,16.9,37.2,0.036827529314713336,0.0,3203,3071,0.9587886356540744,7743400
06025,Imperial,8102824000,-0.6450304453634506,15.415685678501006,14.229791404511378,44961.734807120345,138814.13526234866,135229.62666266126,58371.75,49065.5,15.943071777015422,8164,13.986217648091756,44.7,59919,68.6388173901083,63.48736124119,37.6,15.250137904697247,10782,170.070857384092,221.193714550153,53.1,70701,73.8943192531485,76.5817237952229,24819,38181,42834,76.82182221869796,77.6033934252386,6.535805557065956,21.369147952803004,75.01967815287738,45834,63186,51.042362967914436,36.07,54.9,24.2,32.1,21.5,10.7,6.1,0.4768,6.0,58.4,1.2396694214876034,75.43859649122807,26.7,10.1,29.9,15.8,50.4,0.016646690637901185,0.0,2561,3231,1.2616165560327997,7807200
06027,Inyo,1175310000,-4.012838469674016,6.993236169651067,13.194408996919035,64988.11169477467,170236.09501738122,145279.35723114957,6904.0,6083.25,11.888035921205098,497,7.198725376593279,54.4,8090,83.3064801387625,83.8974742453767,34.7,5.236031392760923,447,294.854792154907,214.096576915054,57.4,8537,87.6152930905297,88.1587667683879,32591,42276,45702,78.96064925322239,84.10065590312816,4.490960989533777,14.900095147478593,70.52856469954915,52874,68448,134.64011964853245,37.61,43.37,10.2,12.7,8.5,6.3,3.2,0.424,4.3,63.2,0.352112676056338,48.148148148148145,20.3,5.0,22.3,11.4,35.1,0.055294442908487694,0.0,504,404,0.8015873015873016,853300
06029,Kern,47738604000,2.0448993586416644,4.840166667797673,11.742374378142758,54060.8593142201,162501.53477214143,140662.50618768123,293773.25,247069.5,15.897890635039099,41703,14.195642387453589,52.0,339384,79.9394933375452,78.809271940133,32.7,10.320262128739035,39056,183.901108091241,189.855242616406,58.2,378440,84.2250753049364,86.2669413189827,27606,45585,51378,68.47981305984682,67.00484205672123,7.666190290589407,23.748646658871422,79.7521394049572,52479,71440,68.55492634470302,34.54,55.2,22.0,30.4,17.0,7.6,5.9,0.4645,4.9,58.0,3.717472118959108,68.63406408094436,18.2,4.4,29.6,17.2,44.0,0.09625696305884245,0.0,13040,18850,1.4455521472392638,54007000
06031,Kings,5882811000,-0.6954244491229586,15.295950479356893,10.77601060229965,39199.14042978511,132264.87549884774,110543.829979142,44477.5,38911.75,12.513630487325052,5113,11.495700073070655,46.9,53217,70.4345218392875,73.7906200217517,31.6,8.360311337649815,4855,214.970360149624,223.58624337533,54.8,58072,72.1684293400141,92.2566445349171,28933,46167,50217,80.93567251461988,84.61078560325242,5.356130971445466,21.61669417822563,86.05719755893263,53865,69985,78.23600669825774,29.32,48.17,20.8,29.0,16.9,7.2,5.4,0.4346,4.3,51.7,4.172099087353325,62.074554294975684,23.5,9.1,32.3,19.0,44.3,0.0,0.0,1638,2066,1.2612942612942613,6309700
06033,Lake,1850962000,4.636610676545259,13.942376353670607,8.480907905964873,28854.555091351252,122744.8730913974,78467.16689982619,15079.75,13053.75,13.4352359952917,2156,14.297319252640131,45.1,23589,85.9973215285949,91.2383944696645,40.4,9.776247848537006,2556,148.603239248342,138.108310605413,50.0,26145,89.5940212248439,95.0985689937319,25670,37236,40668,106.81963543332267,108.99816513761469,5.593558500783811,23.293430240843666,84.88831694089531,42475,60847,60.65631076445784,43.0,53.13,21.0,27.4,11.4,8.9,3.9,0.4796,5.2,66.1,1.787709497206704,52.286585365853654,17.6,7.0,26.9,15.2,39.0,0.01558895055184885,0.0,1104,1330,1.2047101449275361,3397000
06035,Lassen,1077095000,0.5635543886938068,-7.126246291197775,-3.653939732222723,34538.880872214206,159528.27044840227,122564.29221665909,6751.75,6001.5,11.1119339430518,383,5.672603399118747,32.9,8788,37.1165262452688,54.8841352569471,29.200000000000003,6.091045095105792,570,234.853329748845,215.003310158993,35.1,9358,39.1581766669711,59.1554649064945,36625,57531,61881,54.98223389463928,58.15827338129497,5.119609934481183,13.042815785463965,78.77925905617053,56362,71097,113.32230182899994,25.99,48.05,13.8,19.0,8.2,6.7,3.9,0.4231,4.6,67.9,0.42735042735042733,37.5515818431912,16.5,4.4,22.9,14.0,33.7,0.0320666987333654,0.0,406,307,0.7561576354679803,460200
06037,Los Angeles,681549961000,2.8881174001447327,16.034025362933402,19.60925354309638,67493.21166102134,145038.71196338013,139958.48599634718,4699090.0,4195733.0,10.711797390558598,567831,12.083850277394134,60.0,4869658,83.5258154835055,76.5595328448565,44.0,6.833541362307905,357178,137.4996684478,206.365263092898,64.5,5226836,85.1056780394691,81.731331748388,31862,58545,62505,111.47722135717515,114.6773433820066,5.69665301945941,21.200405507992322,90.89643950585565,64251,94484,64.26880681261117,43.48,57.62,16.0,22.5,8.8,6.8,3.5,0.5022,5.5,45.8,11.735537190082644,39.609483960948396,18.0,8.8,29.2,17.4,37.9,0.35898012804845925,28.68299609513667,280826,493098,1.7558844266556515,1241207000
06039,Madera,5988270000,-0.39752701603580737,16.578039813460187,26.39950320564914,38630.760000774135,118743.02257562388,103605.0796726587,50430.5,41980.75,16.7552374059349,9083,18.01092592776197,49.3,57799,81.7266524006507,80.2387229326169,32.3,8.316677770375305,5243,153.218829931827,184.67024417195,53.8,63042,84.2801314748859,85.5481606020118,24755,42921,48906,103.69694843914417,99.72814334260117,8.393785116990689,25.012530006067163,84.02891337836238,52884,69614,79.32207068697319,33.26,54.41,20.8,30.3,17.6,7.9,6.3,0.4408,4.6,64.0,2.699386503067484,61.29032258064516,22.7,9.4,27.5,15.2,43.0,0.08386393399263287,0.0,1984,3132,1.5786290322580645,9983100
06041,Marin,25037176000,9.735836837365024,39.10569285921166,48.304909955616054,96187.69473097831,224555.20900833432,190505.4289518737,111496.75,99281.0,10.956148946045513,12885,11.556390657126778,61.7,131425,87.5179329721657,70.8611002806877,55.599999999999994,3.7701172990466705,5149,141.225712959166,341.134238574104,64.2,136574,88.5850502906087,76.4728659738812,52370,70047,75189,51.96497489314022,57.27677706759636,3.3607591135667523,8.84991892378836,76.15416427108866,110217,168429,55.96570290478843,39.85,51.41,7.6,8.9,3.0,3.3,1.0,0.5158,5.7,63.8,0.8849557522123894,10.242290748898677,13.6,2.6,15.0,10.2,16.8,1.237057953475864,51.886792452830186,10091,16691,1.6540481617282727,52329800
06043,Mariposa,764080000,14.922923970803007,36.06406450613382,36.33135756827452,43562.14367160776,185805.82406225303,108364.77095447454,4112.25,3623.25,11.891300383002006,442,10.748373761322878,46.9,7051,85.8914850611537,94.1613422918087,31.8,8.74854406626116,676,117.960400733888,242.246327691227,51.5,7727,86.8661550879852,105.970608676416,28860,42906,46071,112.36943375481034,115.0336430631208,7.493829930446489,20.93336324882208,92.35918076897418,51199,64590,,40.41,59.44,14.0,18.8,10.6,3.6,3.9,0.4349,4.8,69.0,0.5296610169491526,35.68521031207598,19.0,4.2,21.0,10.6,35.4,0.5701254275940707,0.0,312,454,1.455128205128205,922400
06045,Mendocino,3290676000,0.9034677905024266,9.95907622608422,6.75832803436328,37641.280226945164,109070.22646481219,87258.0610946118,30170.25,26530.75,12.063207961485238,3566,11.81959049063233,53.1,37712,84.5708714330703,81.8057169789423,36.3,9.234879299140774,3837,161.676845722491,168.407626183773,58.6,41549,88.759663637278,87.1631435644321,25713,38619,41805,80.3170006858188,79.85469422303731,8.156562200629534,23.571004972400893,88.82523585480607,49233,67340,,48.92,55.88,18.5,24.8,11.5,8.1,3.4,0.4736,5.0,59.2,0.1092896174863388,39.609483960948396,17.5,6.4,25.4,16.2,37.9,0.11438768273432318,-16.666666666666664,2472,2540,1.0275080906148868,5865100
06047,Merced,8994225000,-0.19842196724916827,18.824067494186764,21.520902653167024,33426.461023878095,116320.55248940318,87630.55593444924,77322.75,66724.25,13.706832723874927,8843,11.436478914679055,51.8,102638,81.7038276802763,74.016729115918,33.1,12.685665674181198,14912,168.292804153226,237.942232681136,59.4,117550,86.1856665814538,85.6101191017442,26263,41043,45147,75.81981981981983,76.69724770642202,6.808201293691769,22.694498842798648,86.67056986729118,50129,69764,73.29431809763686,33.33,50.56,22.7,32.3,19.7,9.4,7.1,0.4708,4.6,52.0,3.62844702467344,82.14936247723132,25.1,10.0,32.3,18.1,47.7,0.02973148750348416,0.0,3140,5318,1.6936305732484076,15465100
06049,Modoc,373250000,4.32009569779174,20.451406368999212,1.7398675814395952,41759.90154396957,165118.33665118337,119440.0,2260.5,1933.25,14.476885644768856,245,10.838310108383101,42.1,3125,70.5994164109082,86.7699605283749,33.6,8.061194468961459,274,155.801605950479,293.159784547877,45.8,3399,73.6361237920121,98.4852174408101,26929,35154,38373,94.0698756450385,97.35453840186192,8.427495291902073,26.64783427495292,71.04926108374384,45149,54126,,39.65,45.55,16.6,22.5,9.5,5.7,1.3,0.4113,4.1,76.6,0.6263048016701461,74.82517482517481,19.4,5.1,18.3,11.3,39.0,0.0,0.0,154,172,1.1168831168831168,454200
06051,Mono,957625000,-6.806200690371296,6.824616318216601,5.042938580662995,67562.08550867786,130413.3188070271,115683.136023194,7343.0,5991.0,18.412093149938716,756,10.295519542421355,70.1,8278,74.7817509976277,91.4897111449971,26.200000000000003,3.0679156908665104,262,1160.49521586885,136.563265654649,73.1,8540,81.1938079307051,96.0611633525147,31297,33162,37824,97.16864271810299,94.87378640776699,3.4669151910531224,22.106244175209692,105.37649811392828,63018,80008,,31.02,40.19,10.4,16.1,4.2,1.7,0.7,0.3701,3.3,62.2,0.4329004329004329,23.029556650246306,18.6,3.3,20.9,11.1,29.0,0.14110342881332016,0.0,614,597,0.9723127035830619,1322800
06053,Monterey,25923751000,3.188189018345057,17.405602027417306,26.77644609501664,59840.79619216458,144912.8580372515,140109.45007431429,178892.0,147141.75,17.748278290812333,21305,11.90942020884109,55.9,185025,86.4409524097038,74.991438335751,33.7,5.358056265984655,10475,132.220880069854,212.254504538584,60.6,195500,84.873210608474,84.1234342355716,27427,44772,50667,50.05279134221987,50.5950991831972,5.40952225797255,21.86127968069075,92.24483292360921,66676,93636,90.35336781738445,40.55,55.51,14.1,21.2,7.1,4.7,2.2,0.4619,4.3,51.1,1.920438957475995,48.148148148148145,22.4,7.6,26.8,15.1,37.0,0.17081705954590362,29.82456140350877,8765,10920,1.2458642327438676,26941000
06055,Napa,9898897000,0.28615130996412397,15.789032270139009,21.178913303107862,70439.7424037572,130554.84738877697,139641.36384155287,75821.75,66349.0,12.493446801214692,8787,11.589022938668654,61.9,70888,87.8020438236858,80.6901667137139,36.9,4.996247453629248,3728,175.44813845416,251.19590615822,65.2,74616,89.8876354763176,85.59337433821,37255,52686,57210,66.62766727951418,72.02797202797203,4.7428057948144735,12.450961053762027,94.84458601005673,84753,116922,85.61222717536039,36.29,52.9,8.1,8.7,4.5,5.1,2.1,0.4719,4.5,63.7,1.5476190476190477,26.582278481012654,16.9,3.9,18.1,11.3,24.9,0.3059844872980858,38.70967741935484,4317,6158,1.4264535557099838,24444500
06057,Nevada,3896864000,-1.0952992866278055,0.3621869882077397,9.18888627371866,39325.71751503653,129118.60307151968,89855.74617229293,30180.5,26080.75,13.584102317721708,3637,12.050827521081493,51.5,43368,89.9281912062888,79.6555422728084,44.099999999999994,6.41144608213384,2971,139.774251622924,316.578582426883,55.2,46339,91.2997827709523,89.1906826142401,33126,44373,48771,87.49749147100141,90.24524158125915,4.184244841604664,12.138528802638644,88.6553746832807,63240,86798,94.78278617744493,45.03,60.85,11.4,13.6,6.2,5.5,2.4,0.4634,4.3,74.3,0.31779661016949157,19.760479041916167,13.8,3.1,16.7,10.9,26.6,0.38348201671174265,-17.391304347826086,3108,4519,1.453989703989704,12056800
06059,Orange,226110295000,2.7423333876269202,14.515060498600791,17.526009060255387,71459.32029194274,135401.87254479257,143281.9871501997,1669920.0,1483041.75,11.190850459902272,211782,12.6821644150618,62.2,1578079,87.4733331913077,78.8951148093166,44.3,5.078525843453574,84431,143.295946793041,190.675330725609,65.6,1662510,88.9506516986889,82.274084945319,38133,61167,65772,51.84862562911343,56.515083295812694,4.317379531572377,15.525601277193138,83.91987184780275,85398,117194,84.45320879513764,38.96,56.55,11.5,15.2,6.4,4.4,2.0,0.47,4.8,57.4,1.4025245441795233,22.576687116564415,14.7,2.0,20.8,12.7,26.8,0.9010227603848325,31.080459770114942,98442,180207,1.8305906015724995,480697800
06061,Placer,20911650000,5.11339588904842,21.22846748524692,34.45001840424729,55019.50920471379,123585.46877216207,120533.10508204941,169208.0,148678.75,12.132552834381354,20102,11.880052952579074,56.9,173493,85.1697793164057,77.5697125971857,46.2,4.934300649870135,9005,154.922498176706,232.650646782972,60.2,182498,86.3647644194298,82.6522835708821,44752,54963,59859,78.3865401207938,81.2077870480731,3.296981565264366,10.258964143426295,78.24359630457619,84357,109020,86.01663157143366,33.7,52.06,8.0,8.2,4.1,3.9,1.8,0.4474,4.5,71.6,1.366742596810934,18.764845605700714,14.1,2.4,15.5,10.7,20.5,0.42359837611852336,8.783783783783784,11053,16509,1.4936216411833891,44848200
06063,Plumas,940398000,-6.521073558648112,12.8979318409101,-6.776095611210684,50291.35247874218,160101.8088955097,124787.42038216561,5873.75,5029.25,14.377527133432647,575,9.78931687593105,47.1,7536,82.8437360584788,85.2408152194607,35.4,6.4083457526080485,516,118.456832929486,195.562413059479,50.4,8052,83.9324616371374,90.4990816281154,27263,41838,46029,92.6128688233203,97.01782820097245,5.168133604152562,16.429699842022117,71.5292773901094,53270,71648,,30.69,45.3,11.7,10.6,8.5,6.5,2.1,0.4549,4.5,72.9,0.0,37.174211248285324,18.7,4.0,18.4,9.8,33.8,0.10695759131504358,0.0,606,659,1.0874587458745875,1120000
06065,Riverside,78156440000,3.755066354626172,17.03277436806798,22.212498498466005,32793.56317286302,107914.81300449297,77551.92276206966,724242.0,636143.75,12.16420064011753,94955,13.110949102648009,54.7,1007795,85.834643411757,76.1870532651655,37.5,8.590354320709947,94709,147.954344898422,241.924058274361,60.1,1102504,88.1679889200585,84.2438163761212,30831,44451,48336,83.07516931536244,89.57650695517775,5.2305703771983945,19.148325036307124,80.46753866338011,63948,84391,90.51292806423585,39.91,58.6,14.7,20.0,9.7,5.7,3.4,0.4547,4.6,65.8,6.741573033707865,52.207001522070016,21.2,5.9,22.2,13.6,35.5,0.11203019696335227,12.184873949579831,39822,75351,1.8921952689468133,164297300
06067,Sacramento,80936234000,3.816212177887647,13.152213795216419,10.516483643727872,53599.33855312138,120882.93755920556,117979.58074047512,669542.25,595641.5,11.037503607875381,64847,9.685273782199705,57.8,686019,77.8344179813653,82.6658166797455,43.0,7.366082882104324,54551,172.414558795906,216.153233781886,62.5,740570,80.8791217059495,88.948697311207,35289,56094,60540,62.087855826336266,64.63588767253688,4.664086933474689,15.347362841240392,89.88801917531178,63902,85289,66.52796973885211,32.61,54.78,15.8,21.6,11.6,7.7,4.7,0.4583,4.9,56.0,8.108108108108109,28.369704749679077,16.2,2.2,25.9,17.0,32.7,0.1231769317420993,29.166666666666668,30275,47564,1.571065235342692,125559100
06069,San Benito,2115616000,1.9388766474717607,20.072624204927845,21.21866349928293,35606.83990844217,123984.88000703255,73379.90357601193,17063.5,14884.25,12.771412664459225,1835,10.753948486535588,63.1,28831,92.3617624865577,82.806297829502,33.1,7.370281124497992,2294,148.278463660716,203.011034729269,68.2,31125,94.5788429242685,88.8727249831512,32949,47046,51450,85.25641025641025,87.15314060141647,3.9946666666666664,15.125333333333332,77.69802567895823,81977,101057,140.16111893641732,40.12,48.24,9.2,14.1,9.2,3.6,2.5,0.3989,4.0,63.5,0.9205983889528193,46.5592972181552,19.4,6.2,22.4,13.8,36.0,0.7910327184596742,74.07407407407408,989,1619,1.6370070778564205,4129500
06071,San Bernardino,80460743000,2.961462172345224,16.356859867692222,14.81126235857769,37679.24190777147,107289.28770491584,90158.6591740575,749942.0,662144.0,11.707305364948223,83289,11.106058868552502,54.8,892435,80.6448818144594,77.3803294625118,37.5,8.756627767406004,85647,180.656811609156,229.191389753432,60.7,978082,84.0339417506281,87.1324642372142,30537,45903,49821,87.69973260288268,90.85211522236953,5.927396347281558,20.655104679615967,85.36962639912346,60164,77575,73.39236088670587,37.94,57.42,17.3,24.7,15.3,7.3,5.0,0.441,4.7,59.3,8.297567954220316,55.36547433903576,23.2,7.0,27.0,16.5,39.9,0.10161968668355957,16.0427807486631,36275,63562,1.7522260509993108,157407700
06073,San Diego,209426148000,2.693830876924748,13.287290558277572,17.18271326732637,63408.03425422963,148459.77013938696,133824.61068546196,1410659.25,1258396.0,10.793765397277904,159541,11.309676663588318,58.9,1564930,84.877107452737,74.779407883964,44.8,6.397662049941025,106962,159.72200199077,216.370047571178,65.7,1671892,86.5341153613456,87.8472625913761,36157,59574,63741,61.83750873340653,64.89704440397814,4.183372578968583,16.572265003500284,87.57617601031022,74855,101302,71.64820435999528,39.2,56.75,12.5,16.1,7.2,5.0,2.5,0.463,4.8,53.1,3.6802030456852797,23.886138613861387,10.7,4.1,24.3,15.6,29.6,1.6531262706894354,82.42565987303708,86070,139148,1.6166840943418148,352722900
06075,San Francisco,166716731000,7.38036596270904,44.313310444151796,82.018112773175,191618.7353743029,229341.76920037295,323481.86587812536,726935.75,653429.25,10.111829002769502,98637,13.568874553218768,67.4,515382,79.5607545575374,91.2893590541637,57.0,4.682801247267441,25320,192.67808293879,129.285320610616,70.8,540702,82.445375540993,92.5878023287355,57987,111954,118752,33.79533434076313,35.20942117542496,2.799972776151909,7.985571360511809,85.6737012987013,104552,149265,23.94029475141163,37.43,36.74,10.9,10.7,4.7,7.1,2.2,0.5128,7.2,37.6,5.973025048169557,21.21212121212121,16.0,6.9,22.1,14.9,23.0,1.4849823687077894,129.07801418439718,34671,62318,1.7974099391422227,168581100
06077,San Joaquin,27808462000,3.8132130880124913,18.218233235580733,17.894200700519367,37978.702889327134,111265.11349689262,91023.38065327045,249929.75,218446.0,12.597039768174856,22961,9.18698154181325,55.2,305509,80.4522274759871,78.3882150631712,35.9,8.666419530161615,28989,173.047505104614,200.251095383823,60.5,334498,84.016716837989,84.7612539583739,31886,45534,49749,133.06492842535786,134.5371401770534,4.538733619390004,17.182245158297576,82.7363968314145,61145,81297,64.5980275887897,34.12,54.67,15.9,21.8,14.5,8.6,4.5,0.4546,4.9,55.6,7.014925373134329,54.08320493066255,22.4,7.2,28.0,16.7,39.5,0.12837811999803336,74.07407407407408,11715,18236,1.5566367904396072,64766000
06079,San Luis Obispo,15808438000,2.326146492960418,12.90373680445569,25.722662599880262,56166.84016983177,146286.04477387504,122206.88322330278,108065.25,94724.75,12.34485646403446,12428,11.500459213299372,54.6,129358,83.8330294520788,74.5318526325961,40.1,4.556085971682173,6175,150.835878181555,216.034068168125,58.0,135533,84.9307745851397,80.7433307545445,30995,46113,50142,77.07267144319346,80.66132264529058,4.939195058392047,14.16489721069395,74.98590521672803,70699,93008,77.7010883992567,40.97,54.29,13.3,11.5,4.8,4.4,1.8,0.4538,4.7,60.8,0.6437768240343348,24.22360248447205,15.7,3.7,20.9,13.6,26.6,0.4156970030733155,72.05882352941177,8510,12090,1.4206815511163338,40346200
06081,San Mateo,119797765000,5.243375497737757,47.56664347273213,103.24780269841771,156407.2212394002,290476.9196263495,292253.11104117724,412417.5,371788.25,9.851485448604873,47199,11.444470712324282,65.9,409911,88.1633047286076,81.6622218280934,51.3,4.106983696987135,17556,130.240495666018,217.545429526785,68.7,427467,89.1214615201136,85.1318078638361,51601,121833,127440,27.58388482526414,29.717096623411308,2.7881137398106643,9.609041034250012,82.57905150793351,113776,162639,52.360298567682065,36.23,48.25,7.0,8.1,3.5,3.4,1.6,0.4852,4.8,59.9,2.72,19.784172661870507,17.3,2.9,15.8,10.0,19.5,5.202791359580122,49.58708708708709,21480,37828,1.7610800744878956,102345000
06083,Santa Barbara,26938329000,4.0688941727539545,15.603714551144815,22.19261717576838,60707.7351950926,144800.72673617784,127217.00960089917,186037.25,161617.25,13.126403448771685,28221,15.169542658795482,59.6,211751,90.5281713990469,77.212696428773,41.6,6.143733489353403,13861,164.579232141984,205.50151760131,64.0,225612,92.1436561120735,82.0213723370114,28250,51804,56832,131.04841003470048,132.16812317935913,4.823909365868662,19.403291126262367,86.85681169019331,71657,101100,73.2493091595336,37.06,56.78,14.8,18.2,8.1,4.4,2.2,0.4798,4.8,52.2,1.4002333722287046,31.274638633377133,20.1,6.1,25.9,15.2,33.2,1.0546764081507556,83.52941176470588,11765,14967,1.272163195920102,48395300
06085,Santa Clara,306691667000,8.392155434912668,46.07575979558173,91.91110748845848,159552.4227447716,283034.1186736072,311097.42878647405,1083585.5,978000.0,9.744085722815598,111428,10.28326791010031,64.1,985838,86.3765176137486,78.6597717984019,49.5,4.790059453215843,49598,151.439285804568,180.000295123053,67.4,1035436,88.138007423668,81.4603022546467,52592,126204,134007,29.11247130833971,31.66296221458881,2.6371221292025413,9.230069202484598,71.24980740023332,116178,154183,64.69210203175211,33.94,46.36,7.9,8.3,4.7,5.0,1.9,0.4652,5.1,56.7,2.5547445255474455,18.203309692671397,18.5,3.0,16.7,10.2,20.8,7.580376651753199,45.02836667661988,48960,83956,1.7147875816993463,218538300
06087,Santa Cruz,13243490000,3.5754132969861714,9.912289204942692,20.992140872287894,48375.394955527554,131378.29010185582,98169.73551562593,100804.25,87471.75,13.226128858654274,11078,10.989616013213729,59.6,134904,87.3959362050019,76.1284952710681,44.0,6.2717552160410195,9027,193.178662699436,224.45217333916,63.7,143931,90.8068777951704,81.2126257015322,30613,49839,54609,146.36195697515046,149.18533049970029,5.212879326093576,15.509235765756621,83.60596445657356,78041,109141,62.059577585154436,39.16,59.11,14.3,16.4,8.6,4.6,2.4,0.4826,5.3,59.4,0.6896551724137931,20.772946859903378,16.9,4.6,21.7,13.5,27.4,2.476576625938305,31.906614785992215,7051,9835,1.3948376116862857,22569100
06089,Shasta,7219547000,-2.9359287187720113,12.214350318191165,11.36936610348591,40313.52151213111,116832.49182768553,99728.51972593657,61794.0,54143.0,12.381460983266985,7000,11.327960643428165,50.0,72392,79.5276130892648,89.3769658613593,43.0,6.2474098632407795,4824,175.617018992605,219.784522117387,53.3,77216,82.3736884926086,95.1705125064026,30428,42378,46131,90.04313943779572,94.07768234841687,5.4614905899268225,17.92956930406232,75.11803310804193,50905,69130,72.84857220772138,37.03,52.71,17.1,23.3,10.9,8.5,3.4,0.4603,4.6,63.5,0.3229278794402583,36.054421768707485,15.3,4.3,22.8,15.1,32.3,0.0893430493899545,0.0,4236,5166,1.2195467422096318,15945600
06091,Sierra,84198000,2.6567014959948305,1.9691905246330477,-12.270903881219066,28736.51877133106,167391.65009940357,67304.55635491607,503.0,435.5,13.419483101391648,53,10.536779324055665,49.3,1251,102.854941849543,60.3288398884223,29.5,4.576659038901601,60,49.2334779570494,1099.68541140386,51.6,1311,100.076387645014,77.6910920462601,29602,36147,40077,85.65904505716207,88.65612947137564,2.8947368421052633,14.342105263157896,42.60014202677468,48125,67464,,34.92,42.46,8.3,11.6,13.1,8.9,1.9,0.4269,5.9,81.4,0.0,31.274638633377137,17.0,3.1,15.4,9.2,33.5,0.0,0.0,69,84,1.2173913043478262,112400
06093,Siskiyou,1563467000,1.0743783487453196,15.823609550260063,7.60364683235294,35908.75057418466,124837.67167039284,93480.83707025411,12524.0,10686.75,14.669833918875758,1404,11.210475886298306,46.7,16725,76.1202926629663,91.1385032337357,35.5,7.927332782824112,1440,200.510106105269,191.430115605781,50.7,18165,80.8246884684652,98.3856633549109,26376,39549,43434,81.07968009478674,89.66193373901284,5.494395516413131,19.465572457966374,79.97341884308679,44200,63208,,37.88,51.85,19.4,25.2,12.2,9.6,4.8,0.488,4.6,65.6,1.5350877192982457,36.986301369863014,20.3,5.5,24.0,12.5,39.1,0.1148369315571888,0.0,1062,1070,1.0075329566854991,2363500
06095,Solano,21944195000,4.997650444855647,10.379277008076167,16.675561876311818,50040.35071716872,157653.29013184953,108252.5294381712,139192.75,123256.75,11.448872157493835,14453,10.383443103178864,57.7,202713,84.2019054310557,84.0661863630612,40.1,7.037544884641313,15346,160.25230677688,230.264327031958,63.2,218059,85.0187175031498,92.8296079518934,38555,55626,60153,51.49909067290205,56.558404009252115,3.811898569104992,13.054319554609748,82.28058620121851,77609,96029,71.80694381108495,33.39,53.78,10.4,14.6,9.1,5.9,3.2,0.4231,4.4,60.7,16.174183514774494,33.51134846461949,19.8,4.6,22.3,14.9,29.5,0.1527831619273482,11.666666666666666,7176,9511,1.3253901895206244,25050600
06097,Sonoma,27565642000,4.710940528495888,18.5768749120319,23.88512500803336,54986.44969151256,135580.12210042236,108774.10317219172,203316.25,178996.0,11.961783674448059,27567,13.558680135011345,61.5,253421,86.6449833512703,86.4246676727663,40.6,5.0729686399664375,13543,136.854806298717,220.922730422578,65.0,266964,87.8026964713897,91.6226530249356,35481,53535,57960,78.04057779247988,80.56506411893936,4.112144820109422,13.702947331265916,88.46549036281179,76753,102483,78.60987391004328,38.42,54.9,10.3,12.5,6.5,5.0,2.1,0.4578,4.4,60.8,0.798175598631699,24.657534246575345,16.3,3.5,19.8,12.8,25.5,0.4647757805939156,9.389671361502346,14304,19145,1.3384368008948546,59343000
06099,Stanislaus,21234213000,2.9148444668122826,20.245200574842627,18.144186762308674,39373.5835831938,112031.42905380452,95420.94170726008,189538.0,166682.0,12.058795597716552,17819,9.401281009612848,54.4,222532,82.8455546653834,79.6266053464834,35.0,10.508240101020663,26130,165.732729642429,179.771236407987,60.9,248662,87.1256144150832,86.2564455470335,30920,46707,50940,82.89046071496846,86.89820780133536,4.606447554225978,17.302788764631476,81.75442839006107,57387,75761,76.37756404800409,34.96,53.52,16.1,21.7,14.7,8.6,5.0,0.4451,4.6,57.4,1.953601953601954,63.829787234042556,21.8,6.8,27.6,16.5,40.1,0.06675307481350859,0.0,9156,13011,1.421035386631717,41921900
06101,Sutter,3307355000,6.8550478017588,6.055004155806842,-5.687889794141072,34497.61139853138,110082.79454471321,85540.94247879164,30044.25,25269.75,15.891559949075114,3839,12.777819383076627,52.5,38664,81.3584982230256,78.1036210053039,34.2,9.680433563819847,4144,196.797338620042,204.781334827514,58.8,42808,85.0746082226456,87.8873473670933,28408,40926,45651,85.9472490073738,87.84766522071958,5.903902514268085,19.882770322381614,78.74153976311337,56955,75716,103.8704183249622,32.2,52.53,16.0,21.7,12.7,9.2,4.1,0.4466,4.8,57.4,1.9455252918287935,46.62756598240469,19.6,7.0,26.6,16.5,40.0,0.010430574098798398,0.0,1813,3184,1.7562051847766134,10448800
06103,Tehama,1885606000,0.17707314507512992,14.002022961153221,22.824538513799155,29754.090858883123,104976.04698743198,77708.88110447147,17962.25,15691.0,12.644574037216941,1808,10.065554148283205,48.5,24265,85.7763593561771,86.3519311484552,34.9,9.286328460877042,2484,142.949778429982,229.211687158133,53.6,26749,88.3163373647232,96.5480961303231,26302,42171,45945,71.79306456160135,77.10874643135219,7.567091948966125,25.72434165043052,78.97183749969574,42899,58939,,40.87,58.2,21.5,30.7,14.0,10.8,4.4,0.4585,4.3,64.8,0.43956043956043955,61.55088852988692,18.5,6.6,28.3,15.8,40.7,0.047338772032253486,0.0,967,1542,1.5946225439503618,3371500
06105,Trinity,359579000,-3.2159170127608494,2.944510927757133,12.518227390213221,27956.694137770173,148601.71505320797,75573.56031946196,2419.75,2100.25,13.2038433722492,251,10.37297241450563,43.2,4758,79.7385991923059,92.2307576237974,33.5,8.570330514988472,446,178.747961458131,232.99361290732,47.2,5204,83.7408037302384,103.26924475644,23160,39984,43887,83.22808048171537,87.62409444593506,9.908186687069625,24.942616679418517,66.56637908705095,38497,54856,,47.45,57.94,19.7,26.7,11.1,10.1,6.1,0.4821,5.2,66.7,0.4540295119182748,52.20700152207001,19.3,6.2,24.0,12.1,41.8,0.0,0.0,246,256,1.0406504065040652,495900
06107,Tulare,17063694000,1.2859221558855334,25.560643773268026,27.472515487060345,37056.56091400873,107692.19700376305,96276.68193820669,158448.75,131134.75,17.238381495594002,20555,12.972648884891802,53.3,177236,78.8542713953018,74.1132954532821,31.1,9.36862398175468,18321,303.629779840884,165.922927469931,58.9,195557,86.0590189599041,78.6539639823755,25539,37257,42366,76.50377433452523,79.61328289197141,7.216846003353829,25.08908608160984,87.8357540787903,47518,66651,78.7713071113129,37.79,55.83,25.5,34.0,22.4,7.6,9.7,0.4755,4.7,56.8,0.861008610086101,80.50541516245487,24.6,10.2,30.4,17.0,47.3,0.026059933503736345,0.0,6470,8414,1.3004636785162287,25698300
06109,Tuolumne,2284494000,-6.977234710348052,11.255783781888416,7.975815622480203,42358.78513683898,143552.46952368983,109149.25943621596,15914.0,14051.0,11.706673369360312,1443,9.06748774663818,45.5,20930,72.8295663917282,90.6950772991116,38.6,6.753987347411565,1516,173.295896611915,157.683747532211,48.8,22446,75.9730823876313,94.4587924362686,30387,44910,48645,64.5038929926133,70.90942630510976,3.201933242712581,13.60821628152847,81.56924985405722,56493,80361,,38.27,53.5,13.3,15.0,9.8,6.9,2.8,0.4881,4.5,69.8,0.3184713375796179,34.77088948787061,15.6,4.3,21.1,12.8,30.5,0.1483349402951865,0.0,1281,1653,1.2903981264637003,5003200
06111,Ventura,46592945000,0.2637335471297022,-0.45888352904385166,-8.160276462868103,54937.254749372725,153078.31749340653,113027.12333951115,304373.25,268274.25,11.860109257301685,36802,12.0910756776425,61.3,412228,88.0172376874562,80.4000596183582,41.6,5.901420057021419,25853,166.586726372422,190.643595792587,65.7,438081,90.1798981644638,85.342384395746,35347,52941,57309,65.08116698830742,68.40281423921033,4.1217586074030335,15.176253254446392,85.37747288916606,84017,110792,96.34124252852743,38.65,57.9,9.6,12.9,7.2,4.3,2.0,0.4476,4.4,63.3,1.5402843601895737,28.369704749679077,21.4,5.3,20.0,12.4,27.5,0.673260135453808,7.735849056603773,21344,34653,1.6235476011994003,91406200
06113,Yolo,13472232000,3.5271711495521516,20.493528414052708,21.550149129143186,62668.248231206126,138536.22219708576,138355.5363854828,97247.0,86115.0,11.447139757524653,6740,6.930805063395272,55.9,97374,81.6949148331822,64.1516739546994,45.0,6.457500768521365,6722,221.184537779158,220.87119864036,59.8,104096,85.7115567517157,68.1796751816314,30804,54825,59397,72.28318772640102,75.19341644902184,4.33855596834114,14.500080762397028,81.54012115177164,65923,92571,60.64027724516028,28.73,54.58,19.6,16.4,9.1,5.5,4.0,0.4931,5.9,51.7,2.4050632911392404,25.91194968553459,19.7,5.2,27.9,17.0,33.5,0.6372774761951279,69.1358024691358,4195,5378,1.2820023837902264,15060600
06115,Yuba,2980485000,1.1003559645948537,7.531073407599479,18.884573487230565,39480.28294014014,190355.10138911064,102938.62678731781,15657.5,14058.5,10.212358294746926,1844,11.77710362446112,51.2,28954,85.364908413822,79.6516247815048,37.3,8.379216505284475,2648,103.730675551927,237.119287135749,58.7,31602,83.2110529826405,97.3034329380071,29775,46557,49623,90.89340490797547,95.34646331211721,4.124005905043098,18.29134720700986,86.94243318137124,52624,67391,175.1932209702952,33.37,53.41,18.0,23.6,15.7,10.6,6.0,0.4276,4.4,58.8,3.9408866995073892,49.25373134328358,20.1,7.2,29.8,17.6,42.0,0.026492522485528462,0.0,798,1221,1.5300751879699248,2833100
